seed;numberOfExperiments;numberOfParameters;N;time;solution;scaled_solution;dual_gap;rel_dual_gap;ncalls;num_nodes;termination
1;100;10;15.0;0.106;-0.554749978478839;-55.4749978478839;0.005546780065433965;0.009998702623916457;186;26;OPTIMAL
1;100;10;15.0;0.986;-0.554749978478839;-55.4749978478839;0.005546780065433965;0.009998702623916457;186;26;OPTIMAL
